{"cameraMode":{"drawMode":0,"name":"Shaded","section":"Shading Mode"},"sceneLighting":true,"audioPlay":false,"sceneViewState":{"showFog":true,"showMaterialUpdate":false,"showSkybox":true,"showFlares":true,"showImageEffects":true,"showParticleSystems":true},"in2DMode":false,"pivot":{"x":19.099246978759767,"y":18.380126953125,"z":14.40456771850586},"rotation":{"x":0.2555863857269287,"y":-0.6441062688827515,"z":0.24245785176753999,"w":0.6790525317192078},"size":37.30939483642578,"orthographic":true}