{"cameraMode":{"drawMode":0,"name":"Shaded","section":"Shading Mode"},"sceneLighting":true,"audioPlay":false,"sceneViewState":{"showFog":true,"showMaterialUpdate":false,"showSkybox":true,"showFlares":true,"showImageEffects":true,"showParticleSystems":true},"in2DMode":false,"pivot":{"x":12.867231369018555,"y":-1.88118314743042,"z":9.981660842895508},"rotation":{"x":0.11642497032880783,"y":0.8427855372428894,"z":-0.20221729576587678,"w":0.4851122796535492},"size":19.065021514892579,"orthographic":true}