{"cameraMode":{"drawMode":0,"name":"Shaded","section":"Shading Mode"},"sceneLighting":true,"audioPlay":false,"sceneViewState":{"showFog":true,"showMaterialUpdate":false,"showSkybox":true,"showFlares":true,"showImageEffects":true,"showParticleSystems":true},"in2DMode":false,"pivot":{"x":5.73470401763916,"y":-0.8186455965042114,"z":3.2545621395111086},"rotation":{"x":0.03979335352778435,"y":-0.9602115154266357,"z":0.1965447962284088,"w":0.1944435089826584},"size":8.603878021240235,"orthographic":true}