{"cameraMode":{"drawMode":0,"name":"Shaded","section":"Shading Mode"},"sceneLighting":true,"audioPlay":false,"sceneViewState":{"showFog":true,"showMaterialUpdate":false,"showSkybox":true,"showFlares":true,"showImageEffects":true,"showParticleSystems":true},"in2DMode":false,"pivot":{"x":2166.2099609375,"y":487.364990234375,"z":0.0},"rotation":{"x":0.11673308163881302,"y":-0.0008920823456719518,"z":0.00010470104462001473,"w":0.9931646585464478},"size":894.9808959960938,"orthographic":true}