{"cameraMode":{"drawMode":0,"name":"Shaded","section":"Shading Mode"},"sceneLighting":false,"audioPlay":false,"sceneViewState":{"showFog":true,"showMaterialUpdate":false,"showSkybox":false,"showFlares":true,"showImageEffects":true,"showParticleSystems":true},"in2DMode":false,"pivot":{"x":0.3148963749408722,"y":-1.2387800216674805,"z":0.18158838152885438},"rotation":{"x":0.7228369116783142,"y":0.0010365154594182969,"z":-0.0010843374766409398,"w":0.6910199522972107},"size":4.983397960662842,"orthographic":false}